2068	123273	"Abang Pawozan, Abg. Mohd. Mohtar"	"Mohd. Mohtar Abang Pawozan"	"Mohd. "	"Pawozan"
1826	133446	"Abrahamson, Warren G."	"Warren G. Abrahamson"	"Warren "	"Abrahamson"
2026	121044	"Adams, Robert P."	"Robert P. Adams"	"Robert "	"Adams"
2026	174961	"Adams, Robert Perry"	"Robert P. Adams"	"Robert "	"Adams"
2026	140789	"Adamson, Robert Stephen"	"Robert P. Adams"	"Robert "	"Adams"
416989	123862	"Alford, Mac Haverson"	"Mac Alford"	"Mac "	"Alford"
1387	141308	"Allen, Bruce H."	"Bruce H. Allen"	"Bruce "	"Allen"
1387	164702	"Allen, Bruce Hampton"	"Bruce H. Allen"	"Bruce "	"Allen"
1817	118745	"Allen, Geraldine A."	"Geraldine A. Allen"	"Geraldine "	"Allen"
1099	100838	"Allen, Paul Hamilton"	"Paul Hamilton"	"Paul "	"Hamilton"
1387	174705	"Allender, Bruce M."	"Bruce H. Allen"	"Bruce "	"Allen"
1819	148642	"Allred, Kelly W."	"Kelly Allred"	"Kelly "	"Allred"
656709	102991	"Alves, Ruy Jose Valka"	"Ruy José Válka Alves"	"Ruy "	"Alves"
1918	137167	"Ammann, Klaus H."	"Klaus H. Ammann"	"Klaus "	"Ammann"
2050	110230	"Amos, Bonnie B."	"Bonnie B. Amos"	"Bonnie "	"Amos"
602246	111913	"Anagnostakis, Sandra L."	"Sandra L. Anagnostak"	"Sandra "	"Anagnostak"
1135	174532	"Anderberg, Arne A."	"Arne Anderberg"	"Arne "	"Anderberg"
2092	149520	"Anderegg, Doyle E."	"Doyle E. Anderegg"	"Doyle "	"Anderegg"
1400	106741	"Anderson, Loran Crittenden"	"Loran C. Anderson"	"Loran "	"Anderson"
1028	168294	"Anderson, Roger Arthur"	"Roger Anderson"	"Roger "	"Anderson"
1714	110940	"Anton, Ana María"	"Ana Anton"	"Ana "	"Anton"
1637	135146	"Antonio, Thomas M."	"Thomas M. Antonio"	"Thomas "	"Antonio"
1567	131281	"Arambarri, Ana M."	"Ana M. Arambarri"	"Ana "	"Arambarri"
570547	106825	"Armstrong, James Andrew"	"James Armstrong"	"James "	"Armstrong"
2013	106825	"Armstrong, James Andrew"	"James A. Armstrong"	"James "	"Armstrong"
1685	127324	"Austin, Daniel Frank"	"Daniel F. Austin"	"Daniel "	"Austin"
1489	131766	"Ayers, Tina J."	"Tina J. Ayers"	"Tina "	"Ayers"
1985	170332	"Bacon, John D."	"John Bacon"	"John "	"Bacon"
1985	143467	"Bacon, John Dudley"	"John Bacon"	"John "	"Bacon"
1162	128686	"Bain, John F."	"John F. Bain"	"John "	"Bain"
1162	129643	"Baines, John Thomas"	"John F. Bain"	"John "	"Bain"
1036	131521	"Baitello, Joao Batista"	"Joao Batista Baitello"	"Joao "	"Baitello"
2072	125508	"Ball, Peter William"	"Peter W. Ball"	"Peter "	"Ball"
1538	103159	"Ballantine, David L."	"David L. Ballantine"	"David "	"Ballantine"
2072	131411	"Bally, Peter René Oscar"	"Peter W. Ball"	"Peter "	"Ball"
1627	134228	"Barkley, Theodore Mitchell"	"Theodore M. Barkley"	"Theodore "	"Barkley"
1525	138127	"Barkworth, Mary Elizabeth"	"Mary E. Barkworth"	"Mary "	"Barkworth"
1165	167436	"Barnes, Richard W."	"Richard Barnes"	"Richard "	"Barnes"
1647	122452	"Baroni, Timothy J."	"Timothy Baroni"	"Timothy "	"Baroni"
2058	122452	"Baroni, Timothy J."	"Timothy Baroni"	"Timothy "	"Baroni"
2058	189282	"Baroni, Timothy J. & Franco-Molano, Ana Esperanza"	"Timothy Baroni"	"Timothy "	"Baroni"
1647	189282	"Baroni, Timothy J. & Franco-Molano, Ana Esperanza"	"Timothy Baroni"	"Timothy "	"Baroni"
2058	189283	"Baroni, Timothy J. & Lodge, Deborah Jean"	"Timothy Baroni"	"Timothy "	"Baroni"
1647	189283	"Baroni, Timothy J. & Lodge, Deborah Jean"	"Timothy Baroni"	"Timothy "	"Baroni"
485249	142001	"Barringer, Kerry A."	"Kerry Barringer"	"Kerry "	"Barringer"
2077	104366	"Barrington, David Stanley"	"David S. Barrington"	"David "	"Barrington"
1521	161045	"Bartholomew, Bruce Monroe"	"Bruce Bartholomew"	"Bruce "	"Bartholomew"
681221	139319	"Bayer, Randall J."	"Randall J. Bayer"	"Randall "	"Bayer"
1325	119983	"Beck, Stephan Georg"	"Stephan G. Beck"	"Stephan "	"Beck"
1353	136912	"Becking, Rudolf W."	"Rudolf W. Becking"	"Rudolf "	"Becking"
1853	126240	"Belianina, Nina B."	"Nina B. Belianina"	"Nina "	"Belianina"
1182	108290	"Benz, Bruce F."	"Bruce Benz"	"Bruce "	"Benz"
2110	101463	"Berry, Paul Edward"	"Paul E. Berry"	"Paul "	"Berry"
1775	101463	"Berry, Paul Edward"	"Paul Berry"	"Paul "	"Berry"
1978	174081	"Bicudo, Rosa Maria Teixeira"	"Maria Mercedes Teixeira da Rosa"	"Maria "	"Rosa"
1961	109695	"Bills, Gerald Fremont"	"Gerald Bills"	"Gerald "	"Bills"
1362	148454	"Bonilla Barbosa, Jaime Raul"	"Jaime Bonilla"	"Jaime "	"Bonilla"
1302	144849	"Bouchard, Claude J."	"Claude J. Bouchard"	"Claude "	"Bouchard"
2112	127354	"Boyd, Steven D."	"Steven D. Boyd"	"Steven "	"Boyd"
2004	131660	"Bradburn, Anne S."	"Anne S. Bradburn"	"Anne "	"Bradburn"
1978	181819	"Braga, Maria do Rosario de Almeida"	"Maria Mercedes Teixeira da Rosa"	"Maria "	"Rosa"
1229	120151	"Bray, Rebecca D."	"Rebecca Bray"	"Rebecca "	"Bray"
1990	126969	"Brown, Larry E."	"Larry E. Brown"	"Larry "	"Brown"
1105	150567	"Brunsfeld, Steven J."	"Steven J. Brunsfeld"	"Steven "	"Brunsfeld"
1206	135287	"Bryson, Charles T."	"Charles T. Bryson"	"Charles "	"Bryson"
1849	182148	"Bukry, John David"	"John C. David"	"John "	"David"
1163	147427	"Bullock-Webster, George Russell"	"George Russell"	"George "	"Russell"
1332	182700	"Burdsall, Harold H."	"Harold Burdsall"	"Harold "	"Burdsall"
1332	105681	"Burdsall, Jr., Harold H."	"Harold Burdsall"	"Harold "	"Burdsall"
2106	191067	"Burt-Utley, Kathleen & Utley, John F."	"John F. Utley"	"John "	"Utley"
1648	121649	"Campbell, Christopher S."	"Christopher S. Campbell"	"Christopher "	"Campbell"
1648	187390	"Campbell, Christopher S., Eastman, L. M. & White, D."	"Christopher S. Campbell"	"Christopher "	"Campbell"
1969	121167	"Cantino, Philip Douglas"	"Philip D. Cantino"	"Philip "	"Cantino"
1479	117507	"Cantrell, Sharon A."	"Sharon A. Cantrell"	"Sharon "	"Cantrell"
1050	167662	"Caplow, Florence E."	"Florence Caplow"	"Florence "	"Caplow"
1840	109226	"Carauta, Jorge Pedro Pereira"	"Jorge Fontella Pereira"	"Jorge "	"Pereira"
1460	118522	"Carr, Gerald D."	"Gerald D. Carr"	"Gerald "	"Carr"
655220	145625	"Carrasco, María A."	"María Carrasco"	"María "	"Carrasco"
1732	108350	"Catling, Paul Miles"	"Paul M. Catling"	"Paul "	"Catling"
1354	140043	"Cavalcanti, Taciana Barbosa"	"Taciana B. Cavalcanti"	"Taciana "	"Cavalcanti"
582816	180288	"Chamberlain, David Franklin"	"David Chamberlain"	"David "	"Chamberlain"
1321	112619	"Cholewa, Anita F."	"Anita F. Cholewa"	"Anita "	"Cholewa"
1650	144630	"Chuey, Carl F."	"Carl F. Chuey"	"Carl "	"Chuey"
1891	113856	"Clarkson, John Richard"	"John Richard Clarkson"	"John "	"Clarkson"
1699	120553	"Clayden, Stephen R."	"Stephen R. Clayden"	"Stephen "	"Clayden"
1762	119966	"Collins, Beverly S."	"Beverly S. Collins"	"Beverly "	"Collins"
1137	131904	"Conant, David S."	"David S. Conant"	"David "	"Conant"
1609	128390	"Connors, John R."	"John R. Connors"	"John "	"Connors"
1731	142311	"Cooper, George Proctor"	"George R. Proctor"	"George "	"Proctor"
1116	177649	"Cooperrider, Tom Smith"	"Tom S. Cooperrider"	"Tom "	"Cooperrider"
2156	115526	"Crankshaw, William B."	"William B. Crankshaw"	"William "	"Crankshaw"
2027	127633	"Cristobal, Carmen Lelia"	"Carmen L. Cristobal"	"Carmen "	"Cristobal"
1161	112562	"Croft, James R."	"James R. Croft"	"James "	"Croft"
1944	162558	"Cros, Rosa M."	"Rosa M. Cros"	"Rosa "	"Cros"
1709	101186	"Crow, Garrett Eugene"	"Garrett E. Crow"	"Garrett "	"Crow"
1398	134928	"Culberson, William Louis"	"William L. Culberson"	"William "	"Culberson"
1339	171963	"Currah, Randolph S."	"Randolph Currah"	"Randolph "	"Currah"
1199	115639	"Daily, William Allen"	"William A. Daily"	"William "	"Daily"
436422	133939	"Daniel, Thomas Franklin"	"Thomas Daniel"	"Thomas "	"Daniel"
1849	168363	"David, John Charles"	"John C. David"	"John "	"David"
562821	191012	"Davidse, Gerrit, Soreng, Robert J. & Peterson, Paul M."	"Paul M. Peterson"	"Paul "	"Peterson"
1849	164171	"Davidson, John Fraser"	"John C. David"	"John "	"David"
1849	166108	"Davidson, John G. N."	"John C. David"	"John "	"David"
2046	136792	"Davis, William B."	"William S. Davis"	"William "	"Davis"
2046	163884	"Davis, William Harold"	"William S. Davis"	"William "	"Davis"
2046	114027	"Davis, William Harper"	"William S. Davis"	"William "	"Davis"
2046	110306	"Davis, William Stanley"	"William S. Davis"	"William "	"Davis"
2046	133720	"Davis, William Thomson"	"William S. Davis"	"William "	"Davis"
2019	167414	"De Sloover, Jean Louis"	"Jean Louis De Sloover"	"Jean "	"Sloover"
2019	142197	"De Sloover, Jean Louis J. A."	"Jean Louis De Sloover"	"Jean "	"Sloover"
1834	120752	"Dean, Ellen A."	"Ellen Dean"	"Ellen "	"Dean"
2007	182560	"Debouck, Daniel Gabriel"	"Daniel G. Debouck"	"Daniel "	"Debouck"
1296	109614	"Decock, Cony Antonio"	"Cony Decock"	"Cony "	"Decock"
1316	120453	"Deginani, Norma B."	"Norma B. Deginani"	"Norma "	"Deginani"
1376	117346	"Desjardin, Dennis E."	"Dennis E. Desjardin"	"Dennis "	"Desjardin"
1978	179818	"Dias, Maria Rosalia de Sousa"	"Maria Mercedes Teixeira da Rosa"	"Maria "	"Rosa"
1139	117494	"Dibben, Martyn J."	"Martyn J. Dibben"	"Martyn "	"Dibben"
1139	167909	"Dibben, Martyn James"	"Martyn J. Dibben"	"Martyn "	"Dibben"
1998	124549	"Dickinson, Timothy A."	"Timothy A. Dickinson"	"Timothy "	"Dickinson"
1998	170337	"Dickinson, Timothy Aadam"	"Timothy A. Dickinson"	"Timothy "	"Dickinson"
1680	116623	"Dillon, Michael O."	"Michael O. Dillon"	"Michael "	"Dillon"
1065	143361	"Dixon, Peter Stanley"	"Peter s. Dixon"	"Peter "	"Dixon"
2057	102103	"Dodson, Calaway H."	"Calaway H. Dodson"	"Calaway "	"Dodson"
1198	125178	"Dolan, Rebecca Wilcox"	"Rebecca W. Dolan"	"Rebecca "	"Dolan"
1198	161911	"Dolan, Rebecca Wilcox"	"Rebecca W. Dolan"	"Rebecca "	"Dolan"
1956	130298	"Donoghue, Michael John"	"Michael J. Donoghue"	"Michael "	"Donoghue"
543942	187264	"Doran,  Andrew Scott"	"Andrew Doran"	"Andrew "	"Doran"
485886	187264	"Doran,  Andrew Scott"	"Andrew Doran"	"Andrew "	"Doran"
1583	187264	"Doran,  Andrew Scott"	"Andrew Doran"	"Andrew "	"Doran"
1496	100509	"Doweld, Alexander Borissovitch"	"Alexander B. Doweld"	"Alexander "	"Doweld"
1092	105544	"Drapalik, Donald J."	"Donald J. Drapalik"	"Donald "	"Drapalik"
1092	160964	"Drapalik, Donald Joseph"	"Donald J. Drapalik"	"Donald "	"Drapalik"
1275	118336	"Dubrule, Monique L."	"Monique L. Dubrule"	"Monique "	"Dubrule"
1481	164919	"Dunlop, Debra A."	"Debra Dunlop"	"Debra "	"Dunlop"
2046	122053	"Durland, William Davis"	"William S. Davis"	"William "	"Davis"
2102	134271	"Dutton, Bryan Eugene"	"Bryan Dutton"	"Bryan "	"Dutton"
1498	121549	"Edgar, Robert K."	"Robert K. Edgar"	"Robert "	"Edgar"
1952	121549	"Edgar, Robert K."	"Robert K. Edgar"	"Robert "	"Edgar"
1702	121549	"Edgar, Robert K."	"Robert Edgar"	"Robert "	"Edgar"
1772	139939	"Edmondson, John Richard"	"John R. Edmondson"	"John "	"Edmondson"
1949	170446	"Edwards, David S."	"David S. Edwards"	"David "	"Edwards"
1186	133706	"Edwards, Sean Rowan"	"Sean Edwards"	"Sean "	"Edwards"
2142	107546	"Edwards, Trevor J."	"Trevor Edwards"	"Trevor "	"Edwards"
1802	117159	"Egan, Robert S."	"Robert S. Egan"	"Robert "	"Egan"
1802	179218	"Egan, Robert Shaw"	"Robert S. Egan"	"Robert "	"Egan"
1903	182674	"Egger, Keith N."	"Keith Egger"	"Keith "	"Egger"
1422	164010	"Eggers Ware, Donna M."	"Donna M. E. Ware"	"Donna "	"Ware"
1123	122516	"Eleuterius, Lionel N."	"Lionel N. Eleuterius"	"Lionel "	"Eleuterius"
1995	145817	"Elias, Thomas S."	"Thomas S. Elias"	"Thomas "	"Elias"
1995	100360	"Elias, Thomas Sam"	"Thomas S. Elias"	"Thomas "	"Elias"
1587	100244	"Eliasson, Uno H."	"Uno Eliasson"	"Uno "	"Eliasson"
1373	137720	"Elisens, Wayne J."	"Wayne J. Elisens"	"Wayne "	"Elisens"
1438	128166	"Elix, John Alan"	"John Alan Elix"	"John "	"Elix"
400220	109511	"Elvin, Mark A."	"Mark A. Elvin"	"Mark "	"Elvin"
1333	113606	"Ericson, Lars E."	"Lars E. Ericson"	"Lars "	"Ericson"
1867	121982	"Ertter, Barbara J."	"Barbara Ertter"	"Barbara "	"Ertter"
1867	179718	"Ertter, Barbara Jean"	"Barbara Ertter"	"Barbara "	"Ertter"
2135	111431	"Esslinger, Theodore Lee"	"Theodore L. Esslinger"	"Theodore "	"Esslinger"
1257	143286	"Evans, Dan K."	"Dan K. Evans"	"Dan "	"Evans"
1213	103149	"Farr, David F."	"David Farr"	"David "	"Farr"
1213	176546	"Farr, David Frederick"	"David Farr"	"David "	"Farr"
1844	134069	"Ferren, Wayne R."	"Wayne R. Ferren"	"Wayne "	"Ferren"
1844	180302	"Ferren, Wayne Richter"	"Wayne R. Ferren"	"Wayne "	"Ferren"
1347	190825	"Ferrington, Leonard C., Lichtwardt, Robert W. & López-Lastra, Claudia Cristina"	"Robert W. Lichtwardt"	"Robert "	"Lichtwardt"
1839	190825	"Ferrington, Leonard C., Lichtwardt, Robert W. & López-Lastra, Claudia Cristina"	"Robert W. Lichtwardt"	"Robert "	"Lichtwardt"
1600	140037	"Flatberg, Kjell I."	"Kjell I. Flatberg"	"Kjell "	"Flatberg"
1204	162741	"Flinck, Karl Evert"	"Karl Flinck"	"Karl "	"Flinck"
1823	149111	"Folsom, James Phillip"	"James P. Folsom"	"James "	"Folsom"
1494	103582	"Ford, Bruce Austin"	"Bruce A. Ford"	"Bruce "	"Ford"
1484	126492	"Ford, Donna I."	"Donna I. Ford"	"Donna "	"Ford"
549918	124976	"Forzza, Rafaela Campostrini"	"Rafaela Campostrini Forzza"	"Rafaela "	"Forzza"
1614	135041	"Fournet, Jacques P."	"Jacques Fournet"	"Jacques "	"Fournet"
1037	168784	"Freire, Susana E."	"Susana E. Freire"	"Susana "	"Freire"
1084	110278	"Freudenstein, John V."	"John V. Freudenstein"	"John "	"Freudenstein"
1904	116793	"Froebe, Hans A."	"Hans A. Froebe"	"Hans "	"Froebe"
1590	105126	"Fryday, Alan Michael"	"Alan Fryday"	"Alan "	"Fryday"
1736	150464	"Gabel, Mark L."	"Mark L. Gabel"	"Mark "	"Gabel"
1739	144401	"Gabrielian, Eleonora Tz."	"Eleonora Gabrielian"	"Eleonora "	"Gabrielian"
1651	150194	"Ganders, Fred Russell"	"Fred R. Ganders"	"Fred "	"Ganders"
2146	174633	"Garnock-Jones, Philip John"	"Philip Garnock-Jones"	"Philip "	"Garnock-Jones"
1308	163691	"Gaskin, John F."	"John Gaskin"	"John "	"Gaskin"
1947	126926	"Gentry, Johnnie Lee"	"Johnnie L. Gentry"	"Johnnie "	"Gentry"
1670	119286	"Gibbs, Peter E."	"Peter E. Gibbs"	"Peter "	"Gibbs"
1670	175451	"Gibbs, Peter Edward"	"Peter E. Gibbs"	"Peter "	"Gibbs"
2026	164280	"Gibson, Robert Adams"	"Robert P. Adams"	"Robert "	"Adams"
1440	128334	"Ginns, James H."	"James H. Ginns"	"James "	"Ginns"
1440	177756	"Ginns, James Herbert"	"James H. Ginns"	"James "	"Ginns"
1014	121531	"Goos, Roger D."	"Roger Goos"	"Roger "	"Goos"
1014	176801	"Goos, Roger Delman"	"Roger Goos"	"Roger "	"Goos"
1872	135046	"Gornall, Richard J."	"Richard J. Gornall"	"Richard "	"Gornall"
1872	183093	"Gornall, Richard John"	"Richard J. Gornall"	"Richard "	"Gornall"
1472	110165	"Grand, Larry F."	"Larry F. Grand"	"Larry "	"Grand"
1143	117917	"Grandtner, Miroslav M."	"Miroslav M. Grandtner"	"Miroslav "	"Grandtner"
2133	112189	"Granger, Suzanne L."	"Suzanne L. Granger"	"Suzanne "	"Granger"
417747	115753	"Grant, Jason R."	"Jason Grant"	"Jason "	"Grant"
1629	139266	"Grassi, Marta María"	"Marta M. Grassi"	"Marta "	"Grassi"
1005	115298	"Greene, Craig William"	"Craig W. Greene"	"Craig "	"Greene"
1686	109527	"Grimm, Robert B."	"Robert B. Grimm"	"Robert "	"Grimm"
1115	135736	"Gruezo, William S."	"William S. Gruezo"	"William "	"Gruezo"
1115	171605	"Gruezo, William Sm."	"William S. Gruezo"	"William "	"Gruezo"
1578	118523	"Gruff, Susan C."	"Susan Gruff"	"Susan "	"Gruff"
1578	179996	"Gruff, Susan Carol"	"Susan Gruff"	"Susan "	"Gruff"
2139	175638	"Gulden, Gro Sissel"	"Gro Gulden"	"Gro "	"Gulden"
2105	106348	"Gustafson, Robert J."	"Robert J. Gustafson"	"Robert "	"Gustafson"
1216	181733	"Gutierrez Amaro, Jorge E."	"Jorge Gutierrez Amaro"	"Jorge "	"Amaro"
1595	124202	"Haapasaari, Matti K."	"Matti K. Haapasaari"	"Matti "	"Haapasaari"
1067	100183	"Haines, Arthur Duane"	"Arthur Haines"	"Arthur "	"Haines"
1940	146950	"Haines, John H."	"John H. Haines"	"John "	"Haines"
1451	142072	"Halse, Richard R."	"Richard R. Halse"	"Richard "	"Halse"
1451	173723	"Halse, Richard Ray"	"Richard R. Halse"	"Richard "	"Halse"
1099	128276	"Hamilton, Paul Brian"	"Paul Hamilton"	"Paul "	"Hamilton"
1004	141951	"Hanlin, Richard Thomas"	"Richard T. Hanlin"	"Richard "	"Hanlin"
1971	147317	"Hannan, Gary L."	"Gary L. Hannan"	"Gary "	"Hannan"
1561	118045	"Hansen, Bruce Frederick"	"Bruce F. Hansen"	"Bruce "	"Hansen"
1519	166301	"Hansen, Curtis J."	"Curtis J. Hansen"	"Curtis "	"Hansen"
1663	148851	"Harberd, David J."	"David J. Harberd"	"David "	"Harberd"
1233	161140	"Hargraves, Paul E."	"Paul E. Hargraves"	"Paul "	"Hargraves"
1055	176910	"Harris, David Charles"	"David Harris"	"David "	"Harris"
1055	174440	"Harris, David J."	"David Harris"	"David "	"Harris"
1055	120269	"Harris, David R."	"David Harris"	"David "	"Harris"
1541	180478	"Harris, Stephen A."	"Stephen Harris"	"Stephen "	"Harris"
1223	180478	"Harris, Stephen A."	"Stephen Harris"	"Stephen "	"Harris"
1691	113051	"Hartman, Ronald Lee"	"Ronald L. Hartman"	"Ronald "	"Hartman"
1724	190460	"Hastings, Roxanne Irene"	"Roxanne Hastings"	"Roxanne "	"Hastings"
1829	115818	"Hatschbach, Gert Guenther"	"Gert Hatschbach"	"Gert "	"Hatschbach"
1407	110555	"Hawksworth, Frank Goode"	"Frank Hawksworth"	"Frank "	"Hawksworth"
1718	135212	"Haynes, Robert Ralph"	"Robert R. Haynes"	"Robert "	"Haynes"
1569	128366	"Hebda, Richard J."	"Richard D. Hebda"	"Richard "	"Hebda"
1178	146580	"Hellenthal, Barbara J."	"Barbara J. Hellenthal"	"Barbara "	"Hellenthal"
1465	126292	"Hemmes, Don Evan"	"Don E. Hemmes"	"Don "	"Hemmes"
2090	136512	"Henderson, Douglass Miles"	"Douglass M. Henderson"	"Douglass "	"Henderson"
1011	109181	"Henrickson, James Solberg"	"James Henrickson"	"James "	"Henrickson"
1177	164103	"Herendeen, Patrick S."	"Patrick S. Herendeen"	"Patrick "	"Herendeen"
1072	116908	"Hess, William E."	"William J. Hess"	"William "	"Hess"
1072	112730	"Hess, William John"	"William J. Hess"	"William "	"Hess"
2089	144074	"Hibbett, David Scott"	"David Hibbett"	"David "	"Hibbett"
1483	102458	"Higgins, Larry C."	"Larry C. Higgins"	"Larry "	"Higgins"
1849	102879	"Hind, David John Nicholas"	"John C. David"	"John "	"David"
1379	145104	"Hinds, Harold R."	"Harold Hinds"	"Harold "	"Hinds"
438939	103177	"Hodgson, Wendy C."	"Wendy Hodgson"	"Wendy "	"Hodgson"
2087	101464	"Holst, Bruce K."	"Bruce K. Holst"	"Bruce "	"Holst"
1634	134896	"Hooper, Robert G."	"Robert G. Hooper"	"Robert "	"Hooper"
1785	171653	"Horn, Charles N."	"Charles N. Horn"	"Charles "	"Horn"
1382	131821	"Horton, Diana G."	"Diana G. Horton"	"Diana "	"Horton"
1382	101923	"Horton, Diana Gail"	"Diana G. Horton"	"Diana "	"Horton"
1049	109964	"Humber, Richard A."	"Richard A. Humber"	"Richard "	"Humber"
1315	103730	"Hyde, Kevin D."	"Kevin Hyde"	"Kevin "	"Hyde"
1547	103730	"Hyde, Kevin D."	"Kevin D. Hyde"	"Kevin "	"Hyde"
2031	181518	"Hywel-Jones, Nigel Leslie"	"Nigel Hywel-Jones"	"Nigel "	"Hywel-Jones"
1854	108691	"Ignatov, Mikhail (Misha) Stanislavovich"	"Mikhail S. Ignatov"	"Mikhail "	"Ignatov"
1821	140757	"Ireland, Robert R."	"Robert R. Ireland"	"Robert "	"Ireland"
1821	169739	"Ireland, Robert Root, Jr."	"Robert R. Ireland"	"Robert "	"Ireland"
1002	124593	"Jackes, Betsy Rivers"	"Betsy R. Jackes"	"Betsy "	"Jackes"
1972	124590	"Jackson, Dennis C."	"Dennis C. Jackson"	"Dennis "	"Jackson"
1972	120682	"Jackson, Dennis Cobian"	"Dennis C. Jackson"	"Dennis "	"Jackson"
1992	145536	"Jamieson, David W."	"David W. Jamieson"	"David "	"Jamieson"
2024	177761	"Janeway, Lawrence Paul"	"Lawrence Janeway"	"Lawrence "	"Janeway"
1803	183794	"Jayasuriya, Anthony H. M."	"Anthony H. H. Jayasuriya"	"Anthony "	"Jayasuriya"
1803	138918	"Jayasuriya, Anthony Harold Magdon"	"Anthony H. H. Jayasuriya"	"Anthony "	"Jayasuriya"
1586	130078	"Jenkins, Philip D."	"Philip D. Jenkins"	"Philip "	"Jenkins"
1642	144329	"Jessop, John P."	"John P. Jessop"	"John "	"Jessop"
1642	172553	"Jessop, John Peter"	"John P. Jessop"	"John "	"Jessop"
1463	161675	"Johansson, Jan Thomas"	"Jan Thomas Johansson"	"Jan "	"Johansson"
1913	143619	"Johnson, David Mark"	"David W. Johnson"	"David "	"Johnson"
1513	143619	"Johnson, David Mark"	"David M. Johnson"	"David "	"Johnson"
1021	138197	"Johnson, George P."	"George P. Johnson"	"George "	"Johnson"
1311	143451	"Jones, Ronald A."	"Ronald L. Jones"	"Ronald "	"Jones"
1311	133062	"Jones, Ronald L."	"Ronald L. Jones"	"Ronald "	"Jones"
1126	143767	"Judziewicz, Emmet J."	"Emmet Judziewicz"	"Emmet "	"Judziewicz"
2154	140187	"Junak, Steven Alan"	"Steven A. Junak"	"Steven "	"Junak"
1268	118825	"Jury, Stephen L."	"Stephen L. Jury"	"Stephen "	"Jury"
1268	171927	"Jury, Stephen Leonard"	"Stephen L. Jury"	"Stephen "	"Jury"
450085	131964	"Kadereit, Joachim W."	"Joachim W. Kadereit"	"Joachim "	"Kadereit"
2147	168694	"Kasper, Andrew Edward"	"Andrew Kasper"	"Andrew "	"Kasper"
586793	141388	"Kaul, Robert Bruce"	"Robert Kaul"	"Robert "	"Kaul"
645889	116234	"Keener, Brian R."	"Brian R. Keener"	"Brian "	"Keener"
2097	114371	"Keener, Carl S."	"Carl S. Keener"	"Carl "	"Keener"
2097	160836	"Keener, Carl Samuel"	"Carl S. Keener"	"Carl "	"Keener"
1284	128904	"Keil, David J."	"David J. Keil"	"David "	"Keil"
1169	136863	"Kennedy, Robin C."	"Robin C. Kennedy"	"Robin "	"Kennedy"
1975	189516	"Kessler, B., Nickerson, Norton Hart & Sammons, D."	"Norton H. Nickerson"	"Norton "	"Nickerson"
1018	146457	"Kimbrough, James W."	"James W. Kimbrough"	"James "	"Kimbrough"
1405	146457	"Kimbrough, James W."	"James W. Kimbrough"	"James "	"Kimbrough"
1405	167685	"Kimbrough, James William"	"James W. Kimbrough"	"James "	"Kimbrough"
1018	167685	"Kimbrough, James William"	"James W. Kimbrough"	"James "	"Kimbrough"
1298	141198	"King, Robert J."	"Robert M. King"	"Robert "	"King"
1298	111681	"King, Robert Merrill"	"Robert M. King"	"Robert "	"King"
1327	102381	"Kirkbride, Joseph Harold, Jr."	"Joseph Kirkbride"	"Joseph "	"Kirkbride"
1419	148876	"Klinger, Peter U."	"Peter U. Klinger"	"Peter "	"Klinger"
1805	136162	"Koch, Rudy G."	"Rudy G. Koch"	"Rudy "	"Koch"
1277	104240	"Koch, Stephen D."	"Stephen D. Koch"	"Stephen "	"Koch"
1795	149298	"Kohlmeyer, Jan Justus"	"Jan J. Kohlmeyer"	"Jan "	"Kohlmeyer"
2073	147384	"Kohn, Linda M."	"Linda M. Kohn"	"Linda "	"Kohn"
1015	130741	"Koske, Richard E."	"Richard E. Koske"	"Richard "	"Koske"
1856	101199	"Koyama, Tetsuo Michael"	"Tetsuo Koyama"	"Tetsuo "	"Koyama"
2010	101199	"Koyama, Tetsuo Michael"	"Tetsuo Koyama"	"Tetsuo "	"Koyama"
1628	118820	"Kramer, Charles Lawrence"	"Charles L. Kramer"	"Charles "	"Kramer"
1672	107800	"Kramer, Karl Ulrich"	"Karl U. Kramer"	"Karl "	"Kramer"
1555	124123	"Kron, Kathleen Anne"	"Kathleen A. Kron"	"Kathleen "	"Kron"
1297	130766	"Krug, John C."	"John C. Krug"	"John "	"Krug"
1297	171280	"Krug, John Christian"	"John C. Krug"	"John "	"Krug"
1532	173351	"Kukkonen, Ilkka Toiva Kalervo"	"Ilkka Kukkonen"	"Ilkka "	"Kukkonen"
1201	108401	"Kurtzman, Cletus P."	"Cletus Kurtzman"	"Cletus "	"Kurtzman"
1549	107517	"La Duke, John C."	"John C. La Duke"	"John "	"Duke"
1659	168989	"Lambinon, Jacques Ernest Joseph"	"Jacques Lambinon"	"Jacques "	"Lambinon"
1264	138477	"Lambley, Peter W."	"Peter W. Lambley"	"Peter "	"Lambley"
1301	122717	"Lammers, Thomas G."	"Thomas G. Lammers"	"Thomas "	"Lammers"
1461	164751	"Lamotte, Robert Smith"	"Robert R. Smith"	"Robert "	"Smith"
1478	110167	"Landrum, Leslie R."	"Leslie R. Landrum"	"Leslie "	"Landrum"
1250	144213	"Lang, Frank A."	"Frank A. Lang"	"Frank "	"Lang"
1250	173164	"Lang, Frank Alexander"	"Frank A. Lang"	"Frank "	"Lang"
1930	170118	"Langethal, Christian Eduard"	"Christian Lange"	"Christian "	"Lange"
1452	132350	"Larsen, Michael J."	"Michael J. Larsen"	"Michael "	"Larsen"
1594	140861	"Lasseigne, Alex A."	"Alex A. Lasseigne"	"Alex "	"Lasseigne"
1581	103258	"Lemke, David E."	"David E. Lemke"	"David "	"Lemke"
1211	121960	"Lemmon, Carol R."	"Carol R. Lemmon"	"Carol "	"Lemmon"
1602	139992	"Lepschi, Brendan Johyn"	"Brendan Lepschi"	"Brendan "	"Lepschi"
1304	128252	"Lewis, Deborah Q."	"Deborah Q. Lewis"	"Deborah "	"Lewis"
622933	100191	"Lewis, Gwilym Peter"	"Gwilym Lewis"	"Gwilym "	"Lewis"
1106	107001	"Liberato, Maria C."	"Maria C. Liberato"	"Maria "	"Liberato"
1839	178406	"Lichtwardt, Robert W."	"Robert W. Lichtwardt"	"Robert "	"Lichtwardt"
1347	178406	"Lichtwardt, Robert W."	"Robert W. Lichtwardt"	"Robert "	"Lichtwardt"
1248	119968	"Lipscomb, Barney L."	"Barney L. Lipscomb"	"Barney "	"Lipscomb"
546092	182939	"Liston, Aaron Irving"	"Aaron Liston"	"Aaron "	"Liston"
1207	109207	"Lombardi, Julio Antonio"	"Julio Antonio Lombardi"	"Julio "	"Lombardi"
1267	149775	"Lorber, Patricia L."	"Patricia L. Lorber"	"Patricia "	"Lorber"
2014	165014	"Lorea-Hernández, Francisco G."	"Francisco G. Lorea Hernández"	"Francisco "	"Hernández"
2014	119118	"Lorea-Hernández, Francisco G."	"Francisco G. Lorea Hernández"	"Francisco "	"Hernández"
2032	119119	"Lorence, David H."	"David H. Lorence"	"David "	"Lorence"
2124	111614	"Lowden, Richard M."	"Richard M. Lowden"	"Richard "	"Lowden"
1649	116903	"Lowrey, Timothy Kemper"	"Timothy K. Lowrey"	"Timothy "	"Lowrey"
1294	187661	"Lundgren, Julie A. & Rawinski, Thomas J."	"Thomas J. Rawinski"	"Thomas "	"Rawinski"
1789	121347	"Lynch, Steven P."	"Steven P. Lynch"	"Steven "	"Lynch"
549977	100668	"Mabberley, David John"	"David J. Mabberley"	"David "	"Mabberley"
1545	142418	"Macias, Leila de Fatima Nogueira"	"Leila de Fátima Nogueira Macias"	"Leila "	"Macias"
643105	163557	"Macklin, James A."	"James Macklin"	"James "	"Macklin"
1306	107914	"Madulid, Domingo Allado"	"Domingo A. Madulid"	"Domingo "	"Madulid"
1306	187368	"Madulid, Domingo Allado & Majaducon, R. S."	"Domingo A. Madulid"	"Domingo "	"Madulid"
1306	187360	"Madulid, Domingo Allado, Reynoso, MPM & EMGA"	"Domingo A. Madulid"	"Domingo "	"Madulid"
1504	166804	"Mahoney, Ron K."	"Ron K. Mahoney"	"Ron "	"Mahoney"
1839	188421	"Manier, Jehanne-Françoise & Lichtwardt, Robert W."	"Robert W. Lichtwardt"	"Robert "	"Lichtwardt"
1347	188421	"Manier, Jehanne-Françoise & Lichtwardt, Robert W."	"Robert W. Lichtwardt"	"Robert "	"Lichtwardt"
1149	121657	"Marchant, Neville Graeme"	"Neville Marchant"	"Neville "	"Marchant"
1914	129417	"Marchesi, Eduardo H."	"Eduardo H. Marchesi"	"Eduardo "	"Marchesi"
1888	127835	"Marchioretto, Maria S."	"Maria Salete Marchioretto"	"Maria "	"Marchioretto"
1066	110157	"Marsh, Gordon A."	"Gordon A. Marsh"	"Gordon "	"Marsh"
1387	162497	"Masters, Bruce Allen"	"Bruce H. Allen"	"Bruce "	"Allen"
1710	142673	"Mathieson, Arthur C."	"Arthur C. Mathieson"	"Arthur "	"Mathieson"
1743	143389	"Matthews, James F."	"James F. Matthews"	"James "	"Matthews"
1743	120206	"Matthews, James R."	"James F. Matthews"	"James "	"Matthews"
1743	119741	"Matthews, James Robert"	"James F. Matthews"	"James "	"Matthews"
1618	117849	"Maxwell, James F."	"James F. Maxwell"	"James "	"Maxwell"
1454	189816	"May, Philip F. & Sheard, John Wilson"	"John Sheard"	"John "	"Sheard"
1816	190561	"Mayer, Michael S."	"Michael S. Mayer"	"Michael "	"Mayer"
495492	182537	"McAllister, Hugh Alexander"	"Hugh McAllister"	"Hugh "	"McAllister"
1179	187322	"McCormick, Carol Ann"	"Carol McCormick"	"Carol "	"McCormick"
1848	140915	"McCune, Bruce Pettit"	"Bruce McCune"	"Bruce "	"McCune"
1517	172704	"McDaniel, Sydney T."	"Sydney T. McDaniel"	"Sydney "	"McDaniel"
1153	139717	"McKenzie, Eric H. C."	"Eric K. C. McKenzie"	"Eric "	"McKenzie"
1323	148920	"McLaughlin, David J."	"David J. McLaughlin"	"David "	"McLaughlin"
1323	173770	"McLaughlin, David Jordan"	"David J. McLaughlin"	"David "	"McLaughlin"
1346	144064	"McMillan, Patrick D."	"Patrick D. McMillan"	"Patrick "	"McMillan"
1669	127005	"McMullen, Conley K."	"Conley K. McMullen"	"Conley "	"McMullen"
2056	139718	"McNeal, Dale W."	"Dale W. McNeal"	"Dale "	"McNeal"
1617	143334	"McPherson, Gordon D."	"Gordon McPherson"	"Gordon "	"McPherson"
1744	106409	"Mellichamp, Thomas L."	"Thomas L. Mellichamp"	"Thomas "	"Mellichamp"
1757	182825	"Messuti, Maria Ines"	"Maria Ines Messuti"	"Maria "	"Messuti"
1219	119295	"Middlemost, Alexander John Miller"	"John M. Miller"	"John "	"Miller"
1957	117613	"Miller, Harvey Alfred"	"Harvey A. Miller"	"Harvey "	"Miller"
1219	102687	"Miller, John Frederick"	"John M. Miller"	"John "	"Miller"
1219	147849	"Miller, John M."	"John M. Miller"	"John "	"Miller"
1219	180523	"Miller, John M."	"John M. Miller"	"John "	"Miller"
1219	180936	"Miller, John Sebastian"	"John M. Miller"	"John "	"Miller"
1941	173214	"Miller, Norton George"	"Norton G. Miller"	"Norton "	"Miller"
1988	110366	"Miller, Orson K."	"Orson K. Miller"	"Orson "	"Miller"
1988	167577	"Miller, Orson K., Jr."	"Orson K. Miller"	"Orson "	"Miller"
411880	187901	"Mindell, Randal A., Stockey, Ruth A. & Beard, Grahm"	"Ruth Stockey"	"Ruth "	"Stockey"
1085	104079	"Mishler, Brent D."	"Brent D. Mishler"	"Brent "	"Mishler"
1868	104079	"Mishler, Brent D."	"Brent Mishler"	"Brent "	"Mishler"
1564	142577	"Mitchell, Gilberto José Pereira"	"Gilberto José Pereira Mitchell"	"Gilberto "	"Mitchell"
1042	142577	"Mitchell, Gilberto José Pereira"	"José Mauricio Pereira"	"José "	"Pereira"
1446	171447	"Morgan, David R."	"David R. Morgan"	"David "	"Morgan"
465739	189636	"Morgan, Eric C."	"Eric C. Morgan"	"Eric "	"Morgan"
1809	130106	"Morillo, Gilberto N."	"Gilberto Morillo"	"Gilberto "	"Morillo"
1404	187511	"Morse, Caleb A."	"Caleb A. Morse"	"Caleb "	"Morse"
1230	127539	"Murrell, Zack Ernest"	"Zack E. Murrell"	"Zack "	"Murrell"
1241	127539	"Murrell, Zack Ernest"	"Zack Murrell"	"Zack "	"Murrell"
1344	138551	"Muth, Gilbert J."	"Gilbert Muth"	"Gilbert "	"Muth"
1420	147440	"Myren, Donald T."	"Donald R. Myren"	"Donald "	"Myren"
1933	148668	"Naczi, Robert Francis Cox"	"Robert F. C. Naczi"	"Robert "	"Naczi"
2047	148668	"Naczi, Robert Francis Cox"	"Robert F. C. Naczi"	"Robert "	"Naczi"
1767	173181	"Neill, Amanda K."	"Amanda K. Neill"	"Amanda "	"Neill"
2075	173274	"Neinhuis, Christoph Jakob"	"Christoph Neinhuis"	"Christoph "	"Neinhuis"
1923	103644	"Nelson, John B."	"John B. Nelson"	"John "	"Nelson"
1923	181852	"Nelson, John Gudgeon"	"John B. Nelson"	"John "	"Nelson"
444291	106990	"Newell, Ruth E."	"Ruth E. Newell"	"Ruth "	"Newell"
1589	190713	"Newmaster, Steven G."	"Steven G. Newmaster"	"Steven "	"Newmaster"
1589	190714	"Newmaster, Steven G., Balasubramaniam, Velusamy, Murugesan, Maruthakkutti & Ragupathy, Subramanyam"	"Steven G. Newmaster"	"Steven "	"Newmaster"
1975	150435	"Nickerson, Norton Hart"	"Norton H. Nickerson"	"Norton "	"Nickerson"
2043	109443	"Niles, Wesley Everett"	"Wesley E. Niles"	"Wesley "	"Niles"
1863	131393	"Nixon, Kevin C."	"Kevin C. Nixon"	"Kevin "	"Nixon"
1991	101397	"Norman, Eliane Meyer"	"Eliane M. Norman"	"Eliane "	"Norman"
1798	116562	"O'Kane, Steve Lawrence"	"Steve L. O'Kane"	"Steve "	"O'Kane"
1156	116001	"Owens, Simon J."	"Simon J. Owens"	"Simon "	"Owens"
1378	106357	"Parnell, John A. N."	"John A. Parnell"	"John "	"Parnell"
1378	183685	"Parnell, John Adrian Naicker"	"John A. Parnell"	"John "	"Parnell"
1274	108687	"Pascoe, Ian G."	"Ian Pascoe"	"Ian "	"Pascoe"
1929	109709	"Paul M. Taylor"	"Paul Taylor"	"Paul "	"Taylor"
1125	115796	"Pavlov, Vadim Nikolaevich"	"Vadim N. Pavlov"	"Vadim "	"Pavlov"
1125	110221	"Pavlov, Vadim Nikolaevich"	"Vadim N. Pavlov"	"Vadim "	"Pavlov"
1355	120980	"Pearce, Ceridwen A."	"Ceridwen A. Pearce"	"Ceridwen "	"Pearce"
1634	178961	"Pearson, Robert Hooper"	"Robert G. Hooper"	"Robert "	"Hooper"
2022	124507	"Peixoto, Ariane Lima"	"Ariane Luna Peixoto"	"Ariane "	"Peixoto"
2022	143546	"Peixoto, Ariane Luna"	"Ariane Luna Peixoto"	"Ariane "	"Peixoto"
1596	126302	"Pensiero, José F."	"José F. Pensiero"	"José "	"Pensiero"
1840	123119	"Pereira, Jorge Fontella"	"Jorge Fontella Pereira"	"Jorge "	"Pereira"
1042	148550	"Pereira, José Alves"	"José Mauricio Pereira"	"José "	"Pereira"
1016	127357	"Perkins, Kent D."	"Kent D. Perkins"	"Kent "	"Perkins"
630395	190710	"Petersen, Ronald H., Kovalenko, Alexander E. & Morozova, Olga V."	"Olga V. Morozova"	"Olga "	"Morozova"
562821	120166	"Peterson, Paul M."	"Paul M. Peterson"	"Paul "	"Peterson"
562821	120160	"Peterson, Paul S."	"Paul M. Peterson"	"Paul "	"Peterson"
1112	111411	"Pfister, Donald Henry"	"Donald H. Pfister"	"Donald "	"Pfister"
1280	111411	"Pfister, Donald Henry"	"Donald H. Pfister"	"Donald "	"Pfister"
1426	111112	"Pinzl, Ann P."	"Ann P. Pinzl"	"Ann "	"Pinzl"
1997	121196	"Pirani, Jose Rubens"	"Jose Rubens Pirani"	"Jose "	"Pirani"
1158	121582	"Price, Michelle J."	"Michelle Price"	"Michelle "	"Price"
1613	130230	"Prigge, Barry A."	"Barry A. Prigge"	"Barry "	"Prigge"
1060	120811	"Primack, Richard B."	"Richard Primack"	"Richard "	"Primack"
1731	101316	"Proctor, George Richardson"	"George R. Proctor"	"George "	"Proctor"
1920	139072	"Pujadas Salva, Antonio J."	"Antonio Pujadas Salva"	"Antonio "	"Salva"
2098	131690	"Pursell, Ronald A."	"Ronald A. Pursell"	"Ronald "	"Pursell"
1035	137748	"Quibell, Charles Fox"	"Charles F. Quibell"	"Charles "	"Quibell"
1035	110411	"Quibell, Charles Hicks"	"Charles F. Quibell"	"Charles "	"Quibell"
539581	102376	"Rabeler, Richard Kevin"	"Richard Rabeler"	"Richard "	"Rabeler"
1740	148994	"Ramos-Pérez, Jorge Eduardo"	"Jorge Eduardo Ramos-Pérez"	"Jorge "	"Ramos-Pérez"
1394	182399	"Ranker, Thomas A."	"Thomas Ranker"	"Thomas "	"Ranker"
1294	136388	"Rawinski, Thomas J."	"Thomas J. Rawinski"	"Thomas "	"Rawinski"
1689	147618	"Rebman, Jon Paul"	"Jon P. Rebman"	"Jon "	"Rebman"
1377	133921	"Redfearn, Paul L."	"Paul L. Redfearn"	"Paul "	"Redfearn"
1377	177625	"Redfearn, Paul Leslie"	"Paul L. Redfearn"	"Paul "	"Redfearn"
1377	105417	"Redfearn, Paul Leslie, Jr."	"Paul L. Redfearn"	"Paul "	"Redfearn"
1491	119195	"Redhead, Scott Alan"	"Scott Redhead"	"Scott "	"Redhead"
1588	143225	"Reese, William Dean"	"William D. Reese"	"William "	"Reese"
1503	128574	"Reimer, Charles W."	"Charles W. Reimer"	"Charles "	"Reimer"
1503	181499	"Reimer, Charles Wilson"	"Charles W. Reimer"	"Charles "	"Reimer"
566579	161076	"Renner, Susanne S."	"Susanne S. Renner"	"Susanne "	"Renner"
446368	161076	"Renner, Susanne S."	"Susanne Renner"	"Susanne "	"Renner"
2131	139833	"Reveal, James Lauritz"	"James L. Reveal"	"James "	"Reveal"
634808	177234	"Rich, Timothy Charles Guy"	"Timothy Rich"	"Timothy "	"Rich"
1506	143649	"Robertson, Kenneth R."	"Kenneth R. Robertson"	"Kenneth "	"Robertson"
1515	135737	"Rodrigues, Irenice Alves"	"Irenice Alves Rodrigues"	"Irenice "	"Rodrigues"
1886	121655	"Rogers, George K."	"George Rogers"	"George "	"Rogers"
1886	173941	"Rogers, George King"	"George Rogers"	"George "	"Rogers"
1966	140859	"Rogers, Jack D."	"Jack D. Rogers"	"Jack "	"Rogers"
1966	188065	"Rogers, Jack D., Ju, Y. M. & San Martin, Felipe"	"Jack D. Rogers"	"Jack "	"Rogers"
1966	161094	"Rogers, Jack David"	"Jack D. Rogers"	"Jack "	"Rogers"
1038	113145	"Rohrer, Joseph R."	"Joseph R. Rohrer"	"Joseph "	"Rohrer"
1038	173199	"Rohrer, Joseph Raphael"	"Joseph R. Rohrer"	"Joseph "	"Rohrer"
1978	139893	"Rosa, Maria Mercedes Teixeira"	"Maria Mercedes Teixeira da Rosa"	"Maria "	"Rosa"
1104	128187	"Rosentreter, Roger Dale"	"Roger Rosentreter"	"Roger "	"Rosentreter"
1963	128187	"Rosentreter, Roger Dale"	"Roger Rosentreter"	"Roger "	"Rosentreter"
1675	128187	"Rosentreter, Roger Dale"	"Roger Rosentreter"	"Roger "	"Rosentreter"
1212	141061	"Rossman, Amy Y."	"Amy Y. Rossman"	"Amy "	"Rossman"
1668	173974	"Rotman, Alicia Dora"	"Alicia Rotman"	"Alicia "	"Rotman"
1765	142691	"Roux, Jacobus Petrus"	"Jacobus P. Roux"	"Jacobus "	"Roux"
1190	112783	"Rusinska, Anna M."	"Anna M. Rusinska"	"Anna "	"Rusinska"
1163	175693	"Russell, George Archie"	"George Russell"	"George "	"Russell"
1163	133511	"Russell, George F."	"George Russell"	"George "	"Russell"
1163	175694	"Russell, George Frederick"	"George Russell"	"George "	"Russell"
1544	124510	"Sacco, José da Costa"	"José da Costa Sacco"	"José "	"Sacco"
2136	175772	"Sales, Margareth Ferreira de"	"Margareth Ferreira de Sales"	"Margareth "	"Sales"
1696	137100	"Sanders, Andrew Charles"	"Andrew C. Sanders"	"Andrew "	"Sanders"
1314	129421	"Saunders, Richard M. K."	"Richard M. K. Saunders"	"Richard "	"Saunders"
1546	129421	"Saunders, Richard M. K."	"Richard M. K. Saunders"	"Richard "	"Saunders"
1652	100736	"Scagel, Robert F."	"Robert F. Scagel"	"Robert "	"Scagel"
2061	181516	"Schneider, Craig William"	"Craig W. Schneider"	"Craig "	"Schneider"
1653	102806	"Schofield, Wilfred Borden"	"Wilfred B. Schofield"	"Wilfred "	"Schofield"
1750	133583	"Searcy, Karen B."	"Karen B. Searcy"	"Karen "	"Searcy"
1399	104324	"Searles, Richard B."	"Richard B. Searles"	"Richard "	"Searles"
1399	180882	"Searles, Richard Brownlee"	"Richard B. Searles"	"Richard "	"Searles"
1411	180140	"Sears, James R."	"James Sears"	"James "	"Sears"
1612	102657	"Seaward, Mark R. D."	"Mark R. D. Seaward"	"Mark "	"Seaward"
1612	117921	"Seaward, Mark Richard David"	"Mark R. D. Seaward"	"Mark "	"Seaward"
1034	108707	"Secco, Ricardo de Sousa"	"Ricardo S. Secco"	"Ricardo "	"Secco"
2034	138432	"Seigler, David Stanley"	"David Seigler"	"David "	"Seigler"
1096	127513	"Selva, Steven B."	"Steven B. Selva"	"Steven "	"Selva"
1450	123653	"Semple, John C."	"John C. Semple"	"John "	"Semple"
1450	177186	"Semple, John Cameron"	"John C. Semple"	"John "	"Semple"
1402	141032	"Seppelt, Rodney D."	"Rodney D. Seppelt"	"Rodney "	"Seppelt"
1402	180039	"Seppelt, Rodney David"	"Rodney D. Seppelt"	"Rodney "	"Seppelt"
1062	118760	"Sergio Costa Gomes, Cecilia Loff Pereira"	"Cecilia Sergio"	"Cecilia "	"Sergio"
1486	142759	"Shaw, Charles Edward, Rev."	"Charles G. Shaw"	"Charles "	"Shaw"
1486	102535	"Shaw, Charles Gardner"	"Charles G. Shaw"	"Charles "	"Shaw"
1486	114933	"Shaw, Charles Hugh"	"Charles G. Shaw"	"Charles "	"Shaw"
1163	102809	"Shaw, George Russell"	"George Russell"	"George "	"Russell"
1454	136472	"Sheard, John Wilson"	"John Sheard"	"John "	"Sheard"
659714	130169	"Sheath, Robert G."	"Robert Sheath"	"Robert "	"Sheath"
2116	107827	"Sherman, Harry L."	"Harry L. Sherman"	"Harry "	"Sherman"
1939	131998	"Sheviak, Charles J."	"Charles J. Sheviak"	"Charles "	"Sheviak"
1492	187504	"Shimizu, Tatemi & Kao, Muh Tsuen"	"Tatemi Shimizu"	"Tatemi "	"Shimizu"
1735	175742	"Shivas, Roger Grahaam"	"Roger Shivas"	"Roger "	"Shivas"
1735	110826	"Shivas, Roger Graham"	"Roger Shivas"	"Roger "	"Shivas"
1735	107789	"Shivas, Roger Grahm, Vánky, Christine, Vánky, Kálmán"	"Roger Shivas"	"Roger "	"Shivas"
1938	120449	"Silva, Marlene Freitas da"	"Marlene F. da Silva"	"Marlene "	"Silva"
1360	117869	"Simmons, Mark Pitkin"	"Mark Simmons"	"Mark "	"Simmons"
1531	103147	"Simpson, Michael George"	"Michael G. Simpson"	"Michael "	"Simpson"
1099	190545	"Siver, Peter Allan,Hamilton, Paul Brian & Morales, Eduardo A."	"Paul Hamilton"	"Paul "	"Hamilton"
1374	121674	"Skvarla, John J."	"John J. Skvarla"	"John "	"Skvarla"
2019	114345	"Sloover, Jean Louis de [De Sloover, J. L.]"	"Jean Louis De Sloover"	"Jean "	"Sloover"
460940	130192	"Smith, Gerald Graham"	"Gerald L. Smith"	"Gerald "	"Smith"
460940	109807	"Smith, Gerald Lomax"	"Gerald L. Smith"	"Gerald "	"Smith"
1954	100100	"Smith, James Edward"	"James Smith"	"James "	"Smith"
1553	100100	"Smith, James Edward"	"James P. Smith"	"James "	"Smith"
1954	171680	"Smith, James F."	"James Smith"	"James "	"Smith"
1553	171680	"Smith, James F."	"James P. Smith"	"James "	"Smith"
1553	149843	"Smith, James Payne"	"James P. Smith"	"James "	"Smith"
1954	149843	"Smith, James Payne"	"James Smith"	"James "	"Smith"
1553	179465	"Smith, James Payne, Jr."	"James P. Smith"	"James "	"Smith"
1954	179465	"Smith, James Payne, Jr."	"James Smith"	"James "	"Smith"
1553	127977	"Smith, Noel James Gillies"	"James P. Smith"	"James "	"Smith"
1954	127977	"Smith, Noel James Gillies"	"James Smith"	"James "	"Smith"
1099	167757	"Smith, Paul Hamilton"	"Paul Hamilton"	"Paul "	"Hamilton"
1461	123222	"Smith, Robert Ford"	"Robert R. Smith"	"Robert "	"Smith"
1461	117052	"Smith, Robert Roy"	"Robert R. Smith"	"Robert "	"Smith"
1434	144243	"Snider, Jerry A."	"Jerry A. Snider"	"Jerry "	"Snider"
1434	123738	"Snider, Jerry Allen"	"Jerry A. Snider"	"Jerry "	"Snider"
1824	167913	"Snogerup, Sven E."	"Sven Snogerup"	"Sven "	"Snogerup"
1386	112593	"Solomon, James Clinton"	"James C. Solomon"	"James "	"Solomon"
2060	111803	"Sorensen, Paul Davidsen"	"Paul D. Sorensen"	"Paul "	"Sorensen"
2060	179441	"Sorensen, Paul Davidson"	"Paul D. Sorensen"	"Paul "	"Sorensen"
1042	104249	"Sousa, José Pereira de"	"José Mauricio Pereira"	"José "	"Pereira"
1978	144252	"Souza Dias, Maria Rosalia"	"Maria Mercedes Teixeira da Rosa"	"Maria "	"Rosa"
1283	125212	"Spellenberg, Richard William"	"Richard Spellenberg"	"Richard "	"Spellenberg"
523889	148850	"Spjut, Richard W."	"Richard Spjut"	"Richard "	"Spjut"
523889	188581	"Spjut, Richard W."	"Richard Spjut"	"Richard "	"Spjut"
1202	141286	"Spongberg, Stephen Alan"	"Stephen Spongberg"	"Stephen "	"Spongberg"
1299	133727	"Spooner, David M."	"David Spooner"	"David "	"Spooner"
2035	133727	"Spooner, David M."	"David Spooner"	"David "	"Spooner"
1849	106062	"Stainton, John David Adam"	"John C. David"	"John "	"David"
549977	188055	"Steane, D. A.  & Mabberley, David John"	"David J. Mabberley"	"David "	"Mabberley"
1187	134090	"Stewart, Elwin L."	"Elwin L. Stewart"	"Elwin "	"Stewart"
411880	136791	"Stockey, Ruth A."	"Ruth Stockey"	"Ruth "	"Stockey"
2018	127237	"Stotler, Raymond E."	"Raymond E. Stotler"	"Raymond "	"Stotler"
1895	127237	"Stotler, Raymond E."	"Raymond E. Stotler"	"Raymond "	"Stotler"
2018	146033	"Stotler, Raymond Eugene"	"Raymond E. Stotler"	"Raymond "	"Stotler"
1895	146033	"Stotler, Raymond Eugene"	"Raymond E. Stotler"	"Raymond "	"Stotler"
1964	181922	"Sturgeon, Kareen B."	"Kareen B. Sturgeon"	"Kareen "	"Sturgeon"
1896	173748	"Sundberg, Walter J."	"Walter Sundberg"	"Walter "	"Sundberg"
1801	130611	"Sutherland, David M."	"David M. Sutherland"	"David "	"Sutherland"
1850	145935	"Sutton, Brian Charles"	"Brian C. Sutton"	"Brian "	"Sutton"
1145	171258	"Sweeney, Patrick W."	"Patrick Sweeney"	"Patrick "	"Sweeney"
604067	171258	"Sweeney, Patrick W."	"Patrick Sweeney"	"Patrick "	"Sweeney"
1449	128726	"Symoens, Jean-Jacques A."	"Jean-Jacques A. Symoens"	"Jean-Jacques "	"Symoens"
1697	146234	"Synnott, Donal M."	"Donal M. Synnott"	"Donal "	"Synnott"
1697	128617	"Synnott, Donal Michael"	"Donal M. Synnott"	"Donal "	"Synnott"
1082	145396	"Szlachetko, Dariusz L."	"Dariusz L. Szlachetko"	"Dariusz "	"Szlachetko"
1082	190373	"Szlachetko, Dariusz L. & Kras, Marta"	"Dariusz L. Szlachetko"	"Dariusz "	"Szlachetko"
1082	190360	"Szlachetko, Dariusz L., Mytnik, Joanna, Górniak, Marcin & Śmiszek, Magdalena"	"Dariusz L. Szlachetko"	"Dariusz "	"Szlachetko"
1055	132230	"Taylor, David Alexander Harrison"	"David Harris"	"David "	"Harris"
1279	132230	"Taylor, David Alexander Harrison"	"David W. Taylor"	"David "	"Taylor"
1279	175963	"Taylor, David Clinton"	"David W. Taylor"	"David "	"Taylor"
1279	170058	"Taylor, David Winship"	"David W. Taylor"	"David "	"Taylor"
1929	188617	"Taylor, Paul M."	"Paul Taylor"	"Paul "	"Taylor"
1134	135090	"Tehler, Anders Gunnar"	"Anders Tehler"	"Anders "	"Tehler"
1620	145395	"Thiers, Barbara M."	"Barbara M. Thiers"	"Barbara "	"Thiers"
1271	127683	"Thomasson, Joseph R."	"Joseph R. Thomasson"	"Joseph "	"Thomasson"
449983	134093	"Thompson, Mary Fraser"	"Mary E. Thompson"	"Mary "	"Thompson"
1215	134612	"Tillett, Stephen Szlatenyi"	"Stephen S. Tillet"	"Stephen "	"Tillet"
1029	135732	"Tortosa, Roberto D."	"Roberto Tortosa"	"Roberto "	"Tortosa"
470503	189056	"Townsend, John F."	"John F. Townsend"	"John "	"Townsend"
470503	138068	"Townsend, John Kirk"	"John F. Townsend"	"John "	"Townsend"
1796	104752	"Trappe, James Martin"	"James Trappe"	"James "	"Trappe"
408581	119876	"Trock, Debra Kay"	"Debra Trock"	"Debra "	"Trock"
1591	119876	"Trock, Debra Kay"	"Debra Trock"	"Debra "	"Trock"
1916	135105	"Tsugaru, Shunsuke "	"Shunsuke Tsugaru"	"Shunsuke "	"Tsugaru"
656662	135660	"Tucker, Arthur O."	"Arthur Tucker"	"Arthur "	"Tucker"
1013	138570	"Tucker, Gordon C."	"Gordon C. Tucker"	"Gordon "	"Tucker"
2091	168348	"Tylutki, Edmund E."	"Edmund E. Tylutki"	"Edmund "	"Tylutki"
2091	132088	"Tylutki, Edmund Eugene"	"Edmund E. Tylutki"	"Edmund "	"Tylutki"
1414	129838	"Tyrl, Ronald J."	"Ronald J. Tyrl"	"Ronald "	"Tyrl"
1414	165420	"Tyrl, Ronald Jay"	"Ronald J. Tyrl"	"Ronald "	"Tyrl"
660960	180406	"Uotila, Pertti Johannes"	"Pertti Uotila"	"Pertti "	"Uotila"
2106	149675	"Utley, John F."	"John F. Utley"	"John "	"Utley"
1822	169022	"Vander Kloet, Sam L."	"Sam P. Vander Kloet"	"Sam "	"Kloet"
1822	118896	"Vander Kloet, Sam P."	"Sam P. Vander Kloet"	"Sam "	"Kloet"
1978	167299	"Ventrice, Maria Rosa"	"Maria Mercedes Teixeira da Rosa"	"Maria "	"Rosa"
1626	102968	"Verardo, Selma de Moraes Sarmento"	"Selma Moraes Sarmento Verardo"	"Selma "	"Verardo"
2002	148213	"Verhoek-Williams, Susan Elizabeth"	"Susan A. Williams"	"Susan "	"Williams"
1298	137064	"Vickery, Robert Kingston"	"Robert M. King"	"Robert "	"King"
1978	148209	"Vidal, Maria Rosaria Rodrigues"	"Maria Mercedes Teixeira da Rosa"	"Maria "	"Rosa"
1170	139300	"Villamil, Carlos B."	"Carlos B. Villamil"	"Carlos "	"Villamil"
1309	148635	"Vincent, Michael A."	"Michael A. Vincent"	"Michael "	"Vincent"
1894	133500	"Vitt, Dale Hadley"	"Dale Vitt"	"Dale "	"Vitt"
2121	182266	"Vogt, Robert M."	"Robert Vogt"	"Robert "	"Vogt"
1278	112146	"Wagner, David H."	"David Wagner"	"David "	"Wagner"
2032	188641	"Wagner, Warren Lambert & Lorence, David H."	"David H. Lorence"	"David "	"Lorence"
1278	188641	"Wagner, Warren Lambert & Lorence, David H."	"David Wagner"	"David "	"Wagner"
2118	180327	"Walker, John Charles"	"John Walker"	"John "	"Walker"
1422	103973	"Ware, Donna M. Eggers"	"Donna M. E. Ware"	"Donna "	"Ware"
1025	141052	"Wasum, Ronaldo A."	"Ronaldo Wasum"	"Ronaldo "	"Wasum"
1077	116585	"Waterway, Marcia J."	"Marcia J. Waterway"	"Marcia "	"Waterway"
1727	117348	"Weber, Nancy S."	"Nancy S. Weber"	"Nancy "	"Weber"
1185	117348	"Weber, Nancy S."	"Nancy Weber"	"Nancy "	"Weber"
1044	117348	"Weber, Nancy S."	"Nancy S. Weber"	"Nancy "	"Weber"
1996	130974	"Wells, James G."	"James R. Wells"	"James "	"Wells"
1996	123223	"Wells, James Ray"	"James R. Wells"	"James "	"Wells"
1996	141967	"Wellsted, James Raymond"	"James R. Wells"	"James "	"Wells"
1851	101206	"Welsh, Stanley Larson"	"Stanley L. Welsh"	"Stanley "	"Welsh"
1322	148008	"Wetmore, Clifford M."	"Clifford M. Wetmore"	"Clifford "	"Wetmore"
1849	100604	"Whibley, David John Edward"	"John C. David"	"John "	"David"
1861	150156	"White, James Francis"	"James F. White"	"James "	"White"
1861	126061	"White, James Joseph"	"James F. White"	"James "	"White"
1861	147130	"White, James Walter"	"James F. White"	"James "	"White"
1987	116091	"Wieboldt, Thomas F."	"Thomas F. Wieboldt"	"Thomas "	"Wieboldt"
1794	149752	"Wilcock, Christopher C."	"Christopher C. Wilcock"	"Christopher "	"Wilcock"
401413	177967	"Williams, Justin Kirk"	"Justin Williams"	"Justin "	"Williams"
1347	188418	"Williams, Marvin C., Lichtwardt, Robert W., White, M. M. & Misra, J. K."	"Robert W. Lichtwardt"	"Robert "	"Lichtwardt"
1839	188418	"Williams, Marvin C., Lichtwardt, Robert W., White, M. M. & Misra, J. K."	"Robert W. Lichtwardt"	"Robert "	"Lichtwardt"
2002	179337	"Williams, Susan Alix"	"Susan A. Williams"	"Susan "	"Williams"
1915	133171	"Wilson, Alex A."	"Alex A. Wilson"	"Alex "	"Wilson"
1244	107229	"Wilson, Karen E."	"Karen Wilson"	"Karen "	"Wilson"
1244	128620	"Wilson, Karen Louise"	"Karen Wilson"	"Karen "	"Wilson"
1584	126465	"Wilson, Paul Graham"	"Paul Wilson"	"Paul "	"Wilson"
1584	162214	"Wilson, Paul S."	"Paul Wilson"	"Paul "	"Wilson"
1436	129167	"Windham, Michael D."	"Michael D. Windham"	"Michael "	"Windham"
563819	129167	"Windham, Michael D."	"Michael Windham"	"Michael "	"Windham"
1749	126186	"Windler, Donald Richard"	"Donald R. Windler"	"Donald "	"Windler"
1898	100524	"Withner, Carl Leslie"	"Carl L. Withner"	"Carl "	"Withner"
1754	134276	"Wong, Pak Yau"	"Pak Y. Wong"	"Pak "	"Wong"
1101	134276	"Wong, Pak Yau"	"Pak Wong"	"Pak "	"Wong"
1870	134157	"Wood, Emily Margaret"	"Emily W. Wood"	"Emily "	"Wood"
1870	125914	"Wood, Emily Walker"	"Emily W. Wood"	"Emily "	"Wood"
1225	122867	"Woodland, Dennis W."	"Dennis W. Woodland"	"Dennis "	"Woodland"
1225	181580	"Woodland, Dennis Wayne"	"Dennis W. Woodland"	"Dennis "	"Woodland"
1089	139351	"Worthington, Richard D."	"Richard D. Worthington"	"Richard "	"Worthington"
1236	128239	"Wright, Jorge Eduardo"	"Jorge E. Wright"	"Jorge "	"Wright"
1343	138734	"Wujek, Daniel E."	"Daniel E. Wujek"	"Daniel "	"Wujek"
1343	183195	"Wujek, Daniel Everett"	"Daniel E. Wujek"	"Daniel "	"Wujek"
1778	108470	"Wynne, Michael J."	"Michael J. Wynne"	"Michael "	"Wynne"
1778	183669	"Wynne, Michael James"	"Michael J. Wynne"	"Michael "	"Wynne"
1393	128255	"Zander, Richard Henry"	"Richard H. Zander"	"Richard "	"Zander"
1171	150824	"Zanoni, Thomas A."	"Thomas A. Zanoni"	"Thomas "	"Zanoni"
562475	150824	"Zanoni, Thomas A."	"Thomas Zanoni"	"Thomas "	"Zanoni"
1324	114563	"Zomlefer, Wendy Beth"	"Wendy B. Zomlefer"	"Wendy "	"Zomlefer"
1644	139317	"del Monte Diaz de Guereñu, Juan Pablo"	"Juan Pablo del Monte"	"Juan "	"Monte"
